[auto polulate the bellow with the List of all activites for visible to this cabin] CABIN #,,,,,,,,
Sunny Day,,,,Rainny day,,,,
"[Auto polulate based off what cabin this is]  Archery (group type), Free Swim (all)…",,,,"[Auto polulate based off what cabin this is] Archery (group type), Free Swim (all)…",,,,
,,,,,,,,
,,,,,,,,
,Sunny,,,,Rainny day,,,
,First pick,Second pick,Third pick,,First pick,Second pick,Third pick,
[Auto polulate] Camper name 1,[enough space to write the activtiy name by hand after being printed],,,,,,,
[Auto polulate] Camper name 2,,,,,,,,
[Auto polulate] Camper name 3,,,,,,,,
[Auto polulate] Camper name 4,,,,,,,,
[Auto polulate] Camper name 5,,,,,,,,
[Auto polulate] Camper name 6,,,,,,,,
[Auto polulate] Camper name 7,,,,,,,,